model,embedding_file,embedding_dim,doc_count,query_count,strategy,anchor_count,top_k,pool_size,mean_recall,all_top_k_contained,any_hit,anchor_select_seconds,signature_build_seconds,search_ms_per_query
BAAI/bge-small-en-v1.5,experiments\robustness_3k_general_rerun\outputs\embeddings\BAAI__bge_small_en_v1.5_n3000_tok160.npy,384,3000,1000,random_raw,256,10,50,0.7968000000000001,0.202,1.0,0.00015320000238716602,0.016196299926377833,0.7112244000891224
BAAI/bge-small-en-v1.5,experiments\robustness_3k_general_rerun\outputs\embeddings\BAAI__bge_small_en_v1.5_n3000_tok160.npy,384,3000,1000,random_raw,256,10,100,0.8917,0.414,1.0,0.00015320000238716602,0.016196299926377833,0.7112244000891224
BAAI/bge-small-en-v1.5,experiments\robustness_3k_general_rerun\outputs\embeddings\BAAI__bge_small_en_v1.5_n3000_tok160.npy,384,3000,1000,random_raw,256,10,250,0.9673,0.758,1.0,0.00015320000238716602,0.016196299926377833,0.7112244000891224
BAAI/bge-small-en-v1.5,experiments\robustness_3k_general_rerun\outputs\embeddings\BAAI__bge_small_en_v1.5_n3000_tok160.npy,384,3000,1000,random_raw,256,10,500,0.9913000000000001,0.925,1.0,0.00015320000238716602,0.016196299926377833,0.7112244000891224
BAAI/bge-small-en-v1.5,experiments\robustness_3k_general_rerun\outputs\embeddings\BAAI__bge_small_en_v1.5_n3000_tok160.npy,384,3000,1000,random_raw,256,10,1000,0.9991,0.991,1.0,0.00015320000238716602,0.016196299926377833,0.7112244000891224
BAAI/bge-small-en-v1.5,experiments\robustness_3k_general_rerun\outputs\embeddings\BAAI__bge_small_en_v1.5_n3000_tok160.npy,384,3000,1000,random_row_zscore,256,10,50,0.8277,0.244,1.0,0.00016960001084953547,0.031342500005848706,0.7050641999812797
BAAI/bge-small-en-v1.5,experiments\robustness_3k_general_rerun\outputs\embeddings\BAAI__bge_small_en_v1.5_n3000_tok160.npy,384,3000,1000,random_row_zscore,256,10,100,0.9139,0.506,1.0,0.00016960001084953547,0.031342500005848706,0.7050641999812797
BAAI/bge-small-en-v1.5,experiments\robustness_3k_general_rerun\outputs\embeddings\BAAI__bge_small_en_v1.5_n3000_tok160.npy,384,3000,1000,random_row_zscore,256,10,250,0.9732000000000001,0.8,1.0,0.00016960001084953547,0.031342500005848706,0.7050641999812797
BAAI/bge-small-en-v1.5,experiments\robustness_3k_general_rerun\outputs\embeddings\BAAI__bge_small_en_v1.5_n3000_tok160.npy,384,3000,1000,random_row_zscore,256,10,500,0.9905,0.924,1.0,0.00016960001084953547,0.031342500005848706,0.7050641999812797
BAAI/bge-small-en-v1.5,experiments\robustness_3k_general_rerun\outputs\embeddings\BAAI__bge_small_en_v1.5_n3000_tok160.npy,384,3000,1000,random_row_zscore,256,10,1000,0.9982,0.984,1.0,0.00016960001084953547,0.031342500005848706,0.7050641999812797
BAAI/bge-small-en-v1.5,experiments\robustness_3k_general_rerun\outputs\embeddings\BAAI__bge_small_en_v1.5_n3000_tok160.npy,384,3000,1000,farthest_raw,256,10,50,0.8277,0.233,1.0,0.11701110005378723,0.018112500081770122,0.7047701000701636
BAAI/bge-small-en-v1.5,experiments\robustness_3k_general_rerun\outputs\embeddings\BAAI__bge_small_en_v1.5_n3000_tok160.npy,384,3000,1000,farthest_raw,256,10,100,0.9136000000000002,0.488,1.0,0.11701110005378723,0.018112500081770122,0.7047701000701636
BAAI/bge-small-en-v1.5,experiments\robustness_3k_general_rerun\outputs\embeddings\BAAI__bge_small_en_v1.5_n3000_tok160.npy,384,3000,1000,farthest_raw,256,10,250,0.9754,0.802,1.0,0.11701110005378723,0.018112500081770122,0.7047701000701636
BAAI/bge-small-en-v1.5,experiments\robustness_3k_general_rerun\outputs\embeddings\BAAI__bge_small_en_v1.5_n3000_tok160.npy,384,3000,1000,farthest_raw,256,10,500,0.9927999999999999,0.937,1.0,0.11701110005378723,0.018112500081770122,0.7047701000701636
BAAI/bge-small-en-v1.5,experiments\robustness_3k_general_rerun\outputs\embeddings\BAAI__bge_small_en_v1.5_n3000_tok160.npy,384,3000,1000,farthest_raw,256,10,1000,0.9989,0.99,1.0,0.11701110005378723,0.018112500081770122,0.7047701000701636
BAAI/bge-small-en-v1.5,experiments\robustness_3k_general_rerun\outputs\embeddings\BAAI__bge_small_en_v1.5_n3000_tok160.npy,384,3000,1000,farthest_row_zscore,256,10,50,0.8370000000000001,0.277,1.0,0.09951840003486723,0.02385220001451671,0.8136088999453932
BAAI/bge-small-en-v1.5,experiments\robustness_3k_general_rerun\outputs\embeddings\BAAI__bge_small_en_v1.5_n3000_tok160.npy,384,3000,1000,farthest_row_zscore,256,10,100,0.9201000000000001,0.525,1.0,0.09951840003486723,0.02385220001451671,0.8136088999453932
BAAI/bge-small-en-v1.5,experiments\robustness_3k_general_rerun\outputs\embeddings\BAAI__bge_small_en_v1.5_n3000_tok160.npy,384,3000,1000,farthest_row_zscore,256,10,250,0.9742000000000001,0.801,1.0,0.09951840003486723,0.02385220001451671,0.8136088999453932
BAAI/bge-small-en-v1.5,experiments\robustness_3k_general_rerun\outputs\embeddings\BAAI__bge_small_en_v1.5_n3000_tok160.npy,384,3000,1000,farthest_row_zscore,256,10,500,0.9923,0.936,1.0,0.09951840003486723,0.02385220001451671,0.8136088999453932
BAAI/bge-small-en-v1.5,experiments\robustness_3k_general_rerun\outputs\embeddings\BAAI__bge_small_en_v1.5_n3000_tok160.npy,384,3000,1000,farthest_row_zscore,256,10,1000,0.9991,0.991,1.0,0.09951840003486723,0.02385220001451671,0.8136088999453932
intfloat/e5-small-v2,experiments\robustness_3k_general_rerun\outputs\embeddings\intfloat__e5_small_v2_n3000_tok160.npy,384,3000,1000,random_raw,256,10,50,0.8031000000000001,0.235,1.0,0.0002316000172868371,0.01491809997241944,0.6664636000059545
intfloat/e5-small-v2,experiments\robustness_3k_general_rerun\outputs\embeddings\intfloat__e5_small_v2_n3000_tok160.npy,384,3000,1000,random_raw,256,10,100,0.8919,0.442,1.0,0.0002316000172868371,0.01491809997241944,0.6664636000059545
intfloat/e5-small-v2,experiments\robustness_3k_general_rerun\outputs\embeddings\intfloat__e5_small_v2_n3000_tok160.npy,384,3000,1000,random_raw,256,10,250,0.9556000000000001,0.696,1.0,0.0002316000172868371,0.01491809997241944,0.6664636000059545
intfloat/e5-small-v2,experiments\robustness_3k_general_rerun\outputs\embeddings\intfloat__e5_small_v2_n3000_tok160.npy,384,3000,1000,random_raw,256,10,500,0.9778000000000002,0.835,1.0,0.0002316000172868371,0.01491809997241944,0.6664636000059545
intfloat/e5-small-v2,experiments\robustness_3k_general_rerun\outputs\embeddings\intfloat__e5_small_v2_n3000_tok160.npy,384,3000,1000,random_raw,256,10,1000,0.9907999999999999,0.923,1.0,0.0002316000172868371,0.01491809997241944,0.6664636000059545
intfloat/e5-small-v2,experiments\robustness_3k_general_rerun\outputs\embeddings\intfloat__e5_small_v2_n3000_tok160.npy,384,3000,1000,random_row_zscore,256,10,50,0.8365,0.316,1.0,0.0003714000340551138,0.03592269995715469,0.7588957999832928
intfloat/e5-small-v2,experiments\robustness_3k_general_rerun\outputs\embeddings\intfloat__e5_small_v2_n3000_tok160.npy,384,3000,1000,random_row_zscore,256,10,100,0.92,0.548,1.0,0.0003714000340551138,0.03592269995715469,0.7588957999832928
intfloat/e5-small-v2,experiments\robustness_3k_general_rerun\outputs\embeddings\intfloat__e5_small_v2_n3000_tok160.npy,384,3000,1000,random_row_zscore,256,10,250,0.9745,0.822,1.0,0.0003714000340551138,0.03592269995715469,0.7588957999832928
intfloat/e5-small-v2,experiments\robustness_3k_general_rerun\outputs\embeddings\intfloat__e5_small_v2_n3000_tok160.npy,384,3000,1000,random_row_zscore,256,10,500,0.9924000000000001,0.935,1.0,0.0003714000340551138,0.03592269995715469,0.7588957999832928
intfloat/e5-small-v2,experiments\robustness_3k_general_rerun\outputs\embeddings\intfloat__e5_small_v2_n3000_tok160.npy,384,3000,1000,random_row_zscore,256,10,1000,0.9985999999999999,0.987,1.0,0.0003714000340551138,0.03592269995715469,0.7588957999832928
intfloat/e5-small-v2,experiments\robustness_3k_general_rerun\outputs\embeddings\intfloat__e5_small_v2_n3000_tok160.npy,384,3000,1000,farthest_raw,256,10,50,0.8687,0.35,1.0,0.10785879998002201,0.015919200028292835,0.6397408000193536
intfloat/e5-small-v2,experiments\robustness_3k_general_rerun\outputs\embeddings\intfloat__e5_small_v2_n3000_tok160.npy,384,3000,1000,farthest_raw,256,10,100,0.9471000000000002,0.643,1.0,0.10785879998002201,0.015919200028292835,0.6397408000193536
intfloat/e5-small-v2,experiments\robustness_3k_general_rerun\outputs\embeddings\intfloat__e5_small_v2_n3000_tok160.npy,384,3000,1000,farthest_raw,256,10,250,0.9886000000000001,0.901,1.0,0.10785879998002201,0.015919200028292835,0.6397408000193536
intfloat/e5-small-v2,experiments\robustness_3k_general_rerun\outputs\embeddings\intfloat__e5_small_v2_n3000_tok160.npy,384,3000,1000,farthest_raw,256,10,500,0.9975,0.976,1.0,0.10785879998002201,0.015919200028292835,0.6397408000193536
intfloat/e5-small-v2,experiments\robustness_3k_general_rerun\outputs\embeddings\intfloat__e5_small_v2_n3000_tok160.npy,384,3000,1000,farthest_raw,256,10,1000,0.9997,0.997,1.0,0.10785879998002201,0.015919200028292835,0.6397408000193536
intfloat/e5-small-v2,experiments\robustness_3k_general_rerun\outputs\embeddings\intfloat__e5_small_v2_n3000_tok160.npy,384,3000,1000,farthest_row_zscore,256,10,50,0.8486000000000001,0.323,1.0,0.08054900006391108,0.021912700030952692,0.6129327000817284
intfloat/e5-small-v2,experiments\robustness_3k_general_rerun\outputs\embeddings\intfloat__e5_small_v2_n3000_tok160.npy,384,3000,1000,farthest_row_zscore,256,10,100,0.9349000000000001,0.607,1.0,0.08054900006391108,0.021912700030952692,0.6129327000817284
intfloat/e5-small-v2,experiments\robustness_3k_general_rerun\outputs\embeddings\intfloat__e5_small_v2_n3000_tok160.npy,384,3000,1000,farthest_row_zscore,256,10,250,0.9857,0.884,1.0,0.08054900006391108,0.021912700030952692,0.6129327000817284
intfloat/e5-small-v2,experiments\robustness_3k_general_rerun\outputs\embeddings\intfloat__e5_small_v2_n3000_tok160.npy,384,3000,1000,farthest_row_zscore,256,10,500,0.9974000000000001,0.974,1.0,0.08054900006391108,0.021912700030952692,0.6129327000817284
intfloat/e5-small-v2,experiments\robustness_3k_general_rerun\outputs\embeddings\intfloat__e5_small_v2_n3000_tok160.npy,384,3000,1000,farthest_row_zscore,256,10,1000,0.9995999999999999,0.996,1.0,0.08054900006391108,0.021912700030952692,0.6129327000817284
sentence-transformers/all-MiniLM-L12-v2,experiments\robustness_3k_general_rerun\outputs\embeddings\sentence_transformers__all_MiniLM_L12_v2_n3000_tok160.npy,384,3000,1000,random_raw,256,10,50,0.8259000000000001,0.258,1.0,0.0001607999438419938,0.01815999997779727,0.7559869999531657
sentence-transformers/all-MiniLM-L12-v2,experiments\robustness_3k_general_rerun\outputs\embeddings\sentence_transformers__all_MiniLM_L12_v2_n3000_tok160.npy,384,3000,1000,random_raw,256,10,100,0.9039,0.457,1.0,0.0001607999438419938,0.01815999997779727,0.7559869999531657
sentence-transformers/all-MiniLM-L12-v2,experiments\robustness_3k_general_rerun\outputs\embeddings\sentence_transformers__all_MiniLM_L12_v2_n3000_tok160.npy,384,3000,1000,random_raw,256,10,250,0.9666000000000001,0.751,1.0,0.0001607999438419938,0.01815999997779727,0.7559869999531657
sentence-transformers/all-MiniLM-L12-v2,experiments\robustness_3k_general_rerun\outputs\embeddings\sentence_transformers__all_MiniLM_L12_v2_n3000_tok160.npy,384,3000,1000,random_raw,256,10,500,0.9905,0.918,1.0,0.0001607999438419938,0.01815999997779727,0.7559869999531657
sentence-transformers/all-MiniLM-L12-v2,experiments\robustness_3k_general_rerun\outputs\embeddings\sentence_transformers__all_MiniLM_L12_v2_n3000_tok160.npy,384,3000,1000,random_raw,256,10,1000,0.9977,0.977,1.0,0.0001607999438419938,0.01815999997779727,0.7559869999531657
sentence-transformers/all-MiniLM-L12-v2,experiments\robustness_3k_general_rerun\outputs\embeddings\sentence_transformers__all_MiniLM_L12_v2_n3000_tok160.npy,384,3000,1000,random_row_zscore,256,10,50,0.8457,0.3,1.0,0.00014509994070976973,0.027778199990279973,0.6473464999580756
sentence-transformers/all-MiniLM-L12-v2,experiments\robustness_3k_general_rerun\outputs\embeddings\sentence_transformers__all_MiniLM_L12_v2_n3000_tok160.npy,384,3000,1000,random_row_zscore,256,10,100,0.923,0.533,1.0,0.00014509994070976973,0.027778199990279973,0.6473464999580756
sentence-transformers/all-MiniLM-L12-v2,experiments\robustness_3k_general_rerun\outputs\embeddings\sentence_transformers__all_MiniLM_L12_v2_n3000_tok160.npy,384,3000,1000,random_row_zscore,256,10,250,0.9778000000000001,0.829,1.0,0.00014509994070976973,0.027778199990279973,0.6473464999580756
sentence-transformers/all-MiniLM-L12-v2,experiments\robustness_3k_general_rerun\outputs\embeddings\sentence_transformers__all_MiniLM_L12_v2_n3000_tok160.npy,384,3000,1000,random_row_zscore,256,10,500,0.9937,0.947,1.0,0.00014509994070976973,0.027778199990279973,0.6473464999580756
sentence-transformers/all-MiniLM-L12-v2,experiments\robustness_3k_general_rerun\outputs\embeddings\sentence_transformers__all_MiniLM_L12_v2_n3000_tok160.npy,384,3000,1000,random_row_zscore,256,10,1000,0.9987,0.987,1.0,0.00014509994070976973,0.027778199990279973,0.6473464999580756
sentence-transformers/all-MiniLM-L12-v2,experiments\robustness_3k_general_rerun\outputs\embeddings\sentence_transformers__all_MiniLM_L12_v2_n3000_tok160.npy,384,3000,1000,farthest_raw,256,10,50,0.8614,0.317,1.0,0.12801879993639886,0.019038400030694902,0.7410043999552727
sentence-transformers/all-MiniLM-L12-v2,experiments\robustness_3k_general_rerun\outputs\embeddings\sentence_transformers__all_MiniLM_L12_v2_n3000_tok160.npy,384,3000,1000,farthest_raw,256,10,100,0.9289000000000001,0.54,1.0,0.12801879993639886,0.019038400030694902,0.7410043999552727
sentence-transformers/all-MiniLM-L12-v2,experiments\robustness_3k_general_rerun\outputs\embeddings\sentence_transformers__all_MiniLM_L12_v2_n3000_tok160.npy,384,3000,1000,farthest_raw,256,10,250,0.9772000000000001,0.82,1.0,0.12801879993639886,0.019038400030694902,0.7410043999552727
sentence-transformers/all-MiniLM-L12-v2,experiments\robustness_3k_general_rerun\outputs\embeddings\sentence_transformers__all_MiniLM_L12_v2_n3000_tok160.npy,384,3000,1000,farthest_raw,256,10,500,0.9932000000000001,0.938,1.0,0.12801879993639886,0.019038400030694902,0.7410043999552727
sentence-transformers/all-MiniLM-L12-v2,experiments\robustness_3k_general_rerun\outputs\embeddings\sentence_transformers__all_MiniLM_L12_v2_n3000_tok160.npy,384,3000,1000,farthest_raw,256,10,1000,0.9984,0.984,1.0,0.12801879993639886,0.019038400030694902,0.7410043999552727
sentence-transformers/all-MiniLM-L12-v2,experiments\robustness_3k_general_rerun\outputs\embeddings\sentence_transformers__all_MiniLM_L12_v2_n3000_tok160.npy,384,3000,1000,farthest_row_zscore,256,10,50,0.8729000000000001,0.36,1.0,0.1039456999860704,0.028457699925638735,0.6593965999782085
sentence-transformers/all-MiniLM-L12-v2,experiments\robustness_3k_general_rerun\outputs\embeddings\sentence_transformers__all_MiniLM_L12_v2_n3000_tok160.npy,384,3000,1000,farthest_row_zscore,256,10,100,0.9355,0.594,1.0,0.1039456999860704,0.028457699925638735,0.6593965999782085
sentence-transformers/all-MiniLM-L12-v2,experiments\robustness_3k_general_rerun\outputs\embeddings\sentence_transformers__all_MiniLM_L12_v2_n3000_tok160.npy,384,3000,1000,farthest_row_zscore,256,10,250,0.9824,0.863,1.0,0.1039456999860704,0.028457699925638735,0.6593965999782085
sentence-transformers/all-MiniLM-L12-v2,experiments\robustness_3k_general_rerun\outputs\embeddings\sentence_transformers__all_MiniLM_L12_v2_n3000_tok160.npy,384,3000,1000,farthest_row_zscore,256,10,500,0.9962000000000001,0.964,1.0,0.1039456999860704,0.028457699925638735,0.6593965999782085
sentence-transformers/all-MiniLM-L12-v2,experiments\robustness_3k_general_rerun\outputs\embeddings\sentence_transformers__all_MiniLM_L12_v2_n3000_tok160.npy,384,3000,1000,farthest_row_zscore,256,10,1000,0.9997999999999999,0.998,1.0,0.1039456999860704,0.028457699925638735,0.6593965999782085
sentence-transformers/all-MiniLM-L6-v2,experiments\robustness_3k_general_rerun\outputs\embeddings\sentence_transformers__all_MiniLM_L6_v2_n3000_tok160.npy,384,3000,1000,random_raw,256,10,50,0.8584,0.351,1.0,0.0001946999691426754,0.014984700013883412,0.6665910000447184
sentence-transformers/all-MiniLM-L6-v2,experiments\robustness_3k_general_rerun\outputs\embeddings\sentence_transformers__all_MiniLM_L6_v2_n3000_tok160.npy,384,3000,1000,random_raw,256,10,100,0.926,0.585,1.0,0.0001946999691426754,0.014984700013883412,0.6665910000447184
sentence-transformers/all-MiniLM-L6-v2,experiments\robustness_3k_general_rerun\outputs\embeddings\sentence_transformers__all_MiniLM_L6_v2_n3000_tok160.npy,384,3000,1000,random_raw,256,10,250,0.9746,0.819,1.0,0.0001946999691426754,0.014984700013883412,0.6665910000447184
sentence-transformers/all-MiniLM-L6-v2,experiments\robustness_3k_general_rerun\outputs\embeddings\sentence_transformers__all_MiniLM_L6_v2_n3000_tok160.npy,384,3000,1000,random_raw,256,10,500,0.9909000000000001,0.923,1.0,0.0001946999691426754,0.014984700013883412,0.6665910000447184
sentence-transformers/all-MiniLM-L6-v2,experiments\robustness_3k_general_rerun\outputs\embeddings\sentence_transformers__all_MiniLM_L6_v2_n3000_tok160.npy,384,3000,1000,random_raw,256,10,1000,0.9987,0.988,1.0,0.0001946999691426754,0.014984700013883412,0.6665910000447184
sentence-transformers/all-MiniLM-L6-v2,experiments\robustness_3k_general_rerun\outputs\embeddings\sentence_transformers__all_MiniLM_L6_v2_n3000_tok160.npy,384,3000,1000,random_row_zscore,256,10,50,0.8656,0.372,1.0,0.00010419997852295637,0.029583700001239777,0.7638269000453874
sentence-transformers/all-MiniLM-L6-v2,experiments\robustness_3k_general_rerun\outputs\embeddings\sentence_transformers__all_MiniLM_L6_v2_n3000_tok160.npy,384,3000,1000,random_row_zscore,256,10,100,0.9299,0.578,1.0,0.00010419997852295637,0.029583700001239777,0.7638269000453874
sentence-transformers/all-MiniLM-L6-v2,experiments\robustness_3k_general_rerun\outputs\embeddings\sentence_transformers__all_MiniLM_L6_v2_n3000_tok160.npy,384,3000,1000,random_row_zscore,256,10,250,0.9777,0.837,1.0,0.00010419997852295637,0.029583700001239777,0.7638269000453874
sentence-transformers/all-MiniLM-L6-v2,experiments\robustness_3k_general_rerun\outputs\embeddings\sentence_transformers__all_MiniLM_L6_v2_n3000_tok160.npy,384,3000,1000,random_row_zscore,256,10,500,0.9928,0.939,1.0,0.00010419997852295637,0.029583700001239777,0.7638269000453874
sentence-transformers/all-MiniLM-L6-v2,experiments\robustness_3k_general_rerun\outputs\embeddings\sentence_transformers__all_MiniLM_L6_v2_n3000_tok160.npy,384,3000,1000,random_row_zscore,256,10,1000,0.999,0.991,1.0,0.00010419997852295637,0.029583700001239777,0.7638269000453874
sentence-transformers/all-MiniLM-L6-v2,experiments\robustness_3k_general_rerun\outputs\embeddings\sentence_transformers__all_MiniLM_L6_v2_n3000_tok160.npy,384,3000,1000,farthest_raw,256,10,50,0.9069,0.471,1.0,0.08803819993045181,0.014409900060854852,0.6055310999508947
sentence-transformers/all-MiniLM-L6-v2,experiments\robustness_3k_general_rerun\outputs\embeddings\sentence_transformers__all_MiniLM_L6_v2_n3000_tok160.npy,384,3000,1000,farthest_raw,256,10,100,0.9582999999999999,0.715,1.0,0.08803819993045181,0.014409900060854852,0.6055310999508947
sentence-transformers/all-MiniLM-L6-v2,experiments\robustness_3k_general_rerun\outputs\embeddings\sentence_transformers__all_MiniLM_L6_v2_n3000_tok160.npy,384,3000,1000,farthest_raw,256,10,250,0.9884,0.903,1.0,0.08803819993045181,0.014409900060854852,0.6055310999508947
sentence-transformers/all-MiniLM-L6-v2,experiments\robustness_3k_general_rerun\outputs\embeddings\sentence_transformers__all_MiniLM_L6_v2_n3000_tok160.npy,384,3000,1000,farthest_raw,256,10,500,0.9980999999999999,0.983,1.0,0.08803819993045181,0.014409900060854852,0.6055310999508947
sentence-transformers/all-MiniLM-L6-v2,experiments\robustness_3k_general_rerun\outputs\embeddings\sentence_transformers__all_MiniLM_L6_v2_n3000_tok160.npy,384,3000,1000,farthest_raw,256,10,1000,0.9994000000000001,0.995,1.0,0.08803819993045181,0.014409900060854852,0.6055310999508947
sentence-transformers/all-MiniLM-L6-v2,experiments\robustness_3k_general_rerun\outputs\embeddings\sentence_transformers__all_MiniLM_L6_v2_n3000_tok160.npy,384,3000,1000,farthest_row_zscore,256,10,50,0.9015,0.478,1.0,0.11870779993478209,0.032110100029967725,0.7280700999544933
sentence-transformers/all-MiniLM-L6-v2,experiments\robustness_3k_general_rerun\outputs\embeddings\sentence_transformers__all_MiniLM_L6_v2_n3000_tok160.npy,384,3000,1000,farthest_row_zscore,256,10,100,0.955,0.701,1.0,0.11870779993478209,0.032110100029967725,0.7280700999544933
sentence-transformers/all-MiniLM-L6-v2,experiments\robustness_3k_general_rerun\outputs\embeddings\sentence_transformers__all_MiniLM_L6_v2_n3000_tok160.npy,384,3000,1000,farthest_row_zscore,256,10,250,0.9889,0.908,1.0,0.11870779993478209,0.032110100029967725,0.7280700999544933
sentence-transformers/all-MiniLM-L6-v2,experiments\robustness_3k_general_rerun\outputs\embeddings\sentence_transformers__all_MiniLM_L6_v2_n3000_tok160.npy,384,3000,1000,farthest_row_zscore,256,10,500,0.9983,0.983,1.0,0.11870779993478209,0.032110100029967725,0.7280700999544933
sentence-transformers/all-MiniLM-L6-v2,experiments\robustness_3k_general_rerun\outputs\embeddings\sentence_transformers__all_MiniLM_L6_v2_n3000_tok160.npy,384,3000,1000,farthest_row_zscore,256,10,1000,0.9999,0.999,1.0,0.11870779993478209,0.032110100029967725,0.7280700999544933
sentence-transformers/paraphrase-albert-small-v2,experiments\robustness_3k_general_rerun\outputs\embeddings\sentence_transformers__paraphrase_albert_small_v2_n3000_tok160.npy,768,3000,1000,random_raw,256,10,50,0.5471,0.013,0.999,0.0001514999894425273,0.02578429994173348,0.6498185000382364
sentence-transformers/paraphrase-albert-small-v2,experiments\robustness_3k_general_rerun\outputs\embeddings\sentence_transformers__paraphrase_albert_small_v2_n3000_tok160.npy,768,3000,1000,random_raw,256,10,100,0.6738,0.06,1.0,0.0001514999894425273,0.02578429994173348,0.6498185000382364
sentence-transformers/paraphrase-albert-small-v2,experiments\robustness_3k_general_rerun\outputs\embeddings\sentence_transformers__paraphrase_albert_small_v2_n3000_tok160.npy,768,3000,1000,random_raw,256,10,250,0.8414,0.304,1.0,0.0001514999894425273,0.02578429994173348,0.6498185000382364
sentence-transformers/paraphrase-albert-small-v2,experiments\robustness_3k_general_rerun\outputs\embeddings\sentence_transformers__paraphrase_albert_small_v2_n3000_tok160.npy,768,3000,1000,random_raw,256,10,500,0.9402,0.621,1.0,0.0001514999894425273,0.02578429994173348,0.6498185000382364
sentence-transformers/paraphrase-albert-small-v2,experiments\robustness_3k_general_rerun\outputs\embeddings\sentence_transformers__paraphrase_albert_small_v2_n3000_tok160.npy,768,3000,1000,random_raw,256,10,1000,0.9902000000000001,0.922,1.0,0.0001514999894425273,0.02578429994173348,0.6498185000382364
sentence-transformers/paraphrase-albert-small-v2,experiments\robustness_3k_general_rerun\outputs\embeddings\sentence_transformers__paraphrase_albert_small_v2_n3000_tok160.npy,768,3000,1000,random_row_zscore,256,10,50,0.6287999999999999,0.036,1.0,0.00011440005619078875,0.028386299964040518,0.7160670000594109
sentence-transformers/paraphrase-albert-small-v2,experiments\robustness_3k_general_rerun\outputs\embeddings\sentence_transformers__paraphrase_albert_small_v2_n3000_tok160.npy,768,3000,1000,random_row_zscore,256,10,100,0.7447,0.117,1.0,0.00011440005619078875,0.028386299964040518,0.7160670000594109
sentence-transformers/paraphrase-albert-small-v2,experiments\robustness_3k_general_rerun\outputs\embeddings\sentence_transformers__paraphrase_albert_small_v2_n3000_tok160.npy,768,3000,1000,random_row_zscore,256,10,250,0.8708000000000001,0.356,1.0,0.00011440005619078875,0.028386299964040518,0.7160670000594109
sentence-transformers/paraphrase-albert-small-v2,experiments\robustness_3k_general_rerun\outputs\embeddings\sentence_transformers__paraphrase_albert_small_v2_n3000_tok160.npy,768,3000,1000,random_row_zscore,256,10,500,0.9485,0.661,1.0,0.00011440005619078875,0.028386299964040518,0.7160670000594109
sentence-transformers/paraphrase-albert-small-v2,experiments\robustness_3k_general_rerun\outputs\embeddings\sentence_transformers__paraphrase_albert_small_v2_n3000_tok160.npy,768,3000,1000,random_row_zscore,256,10,1000,0.9898,0.916,1.0,0.00011440005619078875,0.028386299964040518,0.7160670000594109
sentence-transformers/paraphrase-albert-small-v2,experiments\robustness_3k_general_rerun\outputs\embeddings\sentence_transformers__paraphrase_albert_small_v2_n3000_tok160.npy,768,3000,1000,farthest_raw,256,10,50,0.5969000000000001,0.02,0.998,0.14751649997197092,0.02253539999946952,0.728386800037697
sentence-transformers/paraphrase-albert-small-v2,experiments\robustness_3k_general_rerun\outputs\embeddings\sentence_transformers__paraphrase_albert_small_v2_n3000_tok160.npy,768,3000,1000,farthest_raw,256,10,100,0.7221000000000001,0.091,0.999,0.14751649997197092,0.02253539999946952,0.728386800037697
sentence-transformers/paraphrase-albert-small-v2,experiments\robustness_3k_general_rerun\outputs\embeddings\sentence_transformers__paraphrase_albert_small_v2_n3000_tok160.npy,768,3000,1000,farthest_raw,256,10,250,0.8753000000000001,0.385,1.0,0.14751649997197092,0.02253539999946952,0.728386800037697
sentence-transformers/paraphrase-albert-small-v2,experiments\robustness_3k_general_rerun\outputs\embeddings\sentence_transformers__paraphrase_albert_small_v2_n3000_tok160.npy,768,3000,1000,farthest_raw,256,10,500,0.9525000000000001,0.696,1.0,0.14751649997197092,0.02253539999946952,0.728386800037697
sentence-transformers/paraphrase-albert-small-v2,experiments\robustness_3k_general_rerun\outputs\embeddings\sentence_transformers__paraphrase_albert_small_v2_n3000_tok160.npy,768,3000,1000,farthest_raw,256,10,1000,0.9919000000000001,0.934,1.0,0.14751649997197092,0.02253539999946952,0.728386800037697
sentence-transformers/paraphrase-albert-small-v2,experiments\robustness_3k_general_rerun\outputs\embeddings\sentence_transformers__paraphrase_albert_small_v2_n3000_tok160.npy,768,3000,1000,farthest_row_zscore,256,10,50,0.6855999999999999,0.062,1.0,0.13575379992835224,0.027225499972701073,0.6599789999891073
sentence-transformers/paraphrase-albert-small-v2,experiments\robustness_3k_general_rerun\outputs\embeddings\sentence_transformers__paraphrase_albert_small_v2_n3000_tok160.npy,768,3000,1000,farthest_row_zscore,256,10,100,0.7908000000000001,0.162,1.0,0.13575379992835224,0.027225499972701073,0.6599789999891073
sentence-transformers/paraphrase-albert-small-v2,experiments\robustness_3k_general_rerun\outputs\embeddings\sentence_transformers__paraphrase_albert_small_v2_n3000_tok160.npy,768,3000,1000,farthest_row_zscore,256,10,250,0.9008,0.434,1.0,0.13575379992835224,0.027225499972701073,0.6599789999891073
sentence-transformers/paraphrase-albert-small-v2,experiments\robustness_3k_general_rerun\outputs\embeddings\sentence_transformers__paraphrase_albert_small_v2_n3000_tok160.npy,768,3000,1000,farthest_row_zscore,256,10,500,0.9625,0.731,1.0,0.13575379992835224,0.027225499972701073,0.6599789999891073
sentence-transformers/paraphrase-albert-small-v2,experiments\robustness_3k_general_rerun\outputs\embeddings\sentence_transformers__paraphrase_albert_small_v2_n3000_tok160.npy,768,3000,1000,farthest_row_zscore,256,10,1000,0.9920999999999999,0.933,1.0,0.13575379992835224,0.027225499972701073,0.6599789999891073
sentence-transformers/paraphrase-MiniLM-L3-v2,experiments\robustness_3k_general_rerun\outputs\embeddings\sentence_transformers__paraphrase_MiniLM_L3_v2_n3000_tok160.npy,384,3000,1000,random_raw,256,10,50,0.8505,0.308,1.0,0.0002503999276086688,0.018030400038696826,0.6748211999656633
sentence-transformers/paraphrase-MiniLM-L3-v2,experiments\robustness_3k_general_rerun\outputs\embeddings\sentence_transformers__paraphrase_MiniLM_L3_v2_n3000_tok160.npy,384,3000,1000,random_raw,256,10,100,0.9296,0.568,1.0,0.0002503999276086688,0.018030400038696826,0.6748211999656633
sentence-transformers/paraphrase-MiniLM-L3-v2,experiments\robustness_3k_general_rerun\outputs\embeddings\sentence_transformers__paraphrase_MiniLM_L3_v2_n3000_tok160.npy,384,3000,1000,random_raw,256,10,250,0.981,0.849,1.0,0.0002503999276086688,0.018030400038696826,0.6748211999656633
sentence-transformers/paraphrase-MiniLM-L3-v2,experiments\robustness_3k_general_rerun\outputs\embeddings\sentence_transformers__paraphrase_MiniLM_L3_v2_n3000_tok160.npy,384,3000,1000,random_raw,256,10,500,0.9952,0.954,1.0,0.0002503999276086688,0.018030400038696826,0.6748211999656633
sentence-transformers/paraphrase-MiniLM-L3-v2,experiments\robustness_3k_general_rerun\outputs\embeddings\sentence_transformers__paraphrase_MiniLM_L3_v2_n3000_tok160.npy,384,3000,1000,random_raw,256,10,1000,0.9991,0.992,1.0,0.0002503999276086688,0.018030400038696826,0.6748211999656633
sentence-transformers/paraphrase-MiniLM-L3-v2,experiments\robustness_3k_general_rerun\outputs\embeddings\sentence_transformers__paraphrase_MiniLM_L3_v2_n3000_tok160.npy,384,3000,1000,random_row_zscore,256,10,50,0.8623000000000002,0.328,1.0,0.00032750004902482033,0.03144970000721514,0.6107388000236824
sentence-transformers/paraphrase-MiniLM-L3-v2,experiments\robustness_3k_general_rerun\outputs\embeddings\sentence_transformers__paraphrase_MiniLM_L3_v2_n3000_tok160.npy,384,3000,1000,random_row_zscore,256,10,100,0.9405000000000001,0.606,1.0,0.00032750004902482033,0.03144970000721514,0.6107388000236824
sentence-transformers/paraphrase-MiniLM-L3-v2,experiments\robustness_3k_general_rerun\outputs\embeddings\sentence_transformers__paraphrase_MiniLM_L3_v2_n3000_tok160.npy,384,3000,1000,random_row_zscore,256,10,250,0.9851000000000001,0.877,1.0,0.00032750004902482033,0.03144970000721514,0.6107388000236824
sentence-transformers/paraphrase-MiniLM-L3-v2,experiments\robustness_3k_general_rerun\outputs\embeddings\sentence_transformers__paraphrase_MiniLM_L3_v2_n3000_tok160.npy,384,3000,1000,random_row_zscore,256,10,500,0.997,0.974,1.0,0.00032750004902482033,0.03144970000721514,0.6107388000236824
sentence-transformers/paraphrase-MiniLM-L3-v2,experiments\robustness_3k_general_rerun\outputs\embeddings\sentence_transformers__paraphrase_MiniLM_L3_v2_n3000_tok160.npy,384,3000,1000,random_row_zscore,256,10,1000,0.9997999999999999,0.998,1.0,0.00032750004902482033,0.03144970000721514,0.6107388000236824
sentence-transformers/paraphrase-MiniLM-L3-v2,experiments\robustness_3k_general_rerun\outputs\embeddings\sentence_transformers__paraphrase_MiniLM_L3_v2_n3000_tok160.npy,384,3000,1000,farthest_raw,256,10,50,0.8945000000000001,0.401,1.0,0.09581720002461225,0.01680149999447167,0.6999538999516517
sentence-transformers/paraphrase-MiniLM-L3-v2,experiments\robustness_3k_general_rerun\outputs\embeddings\sentence_transformers__paraphrase_MiniLM_L3_v2_n3000_tok160.npy,384,3000,1000,farthest_raw,256,10,100,0.9570000000000001,0.706,1.0,0.09581720002461225,0.01680149999447167,0.6999538999516517
sentence-transformers/paraphrase-MiniLM-L3-v2,experiments\robustness_3k_general_rerun\outputs\embeddings\sentence_transformers__paraphrase_MiniLM_L3_v2_n3000_tok160.npy,384,3000,1000,farthest_raw,256,10,250,0.9887,0.907,1.0,0.09581720002461225,0.01680149999447167,0.6999538999516517
sentence-transformers/paraphrase-MiniLM-L3-v2,experiments\robustness_3k_general_rerun\outputs\embeddings\sentence_transformers__paraphrase_MiniLM_L3_v2_n3000_tok160.npy,384,3000,1000,farthest_raw,256,10,500,0.9979,0.979,1.0,0.09581720002461225,0.01680149999447167,0.6999538999516517
sentence-transformers/paraphrase-MiniLM-L3-v2,experiments\robustness_3k_general_rerun\outputs\embeddings\sentence_transformers__paraphrase_MiniLM_L3_v2_n3000_tok160.npy,384,3000,1000,farthest_raw,256,10,1000,0.9996,0.996,1.0,0.09581720002461225,0.01680149999447167,0.6999538999516517
sentence-transformers/paraphrase-MiniLM-L3-v2,experiments\robustness_3k_general_rerun\outputs\embeddings\sentence_transformers__paraphrase_MiniLM_L3_v2_n3000_tok160.npy,384,3000,1000,farthest_row_zscore,256,10,50,0.8962,0.411,1.0,0.2291249999543652,0.026231300085783005,0.6959021999500692
sentence-transformers/paraphrase-MiniLM-L3-v2,experiments\robustness_3k_general_rerun\outputs\embeddings\sentence_transformers__paraphrase_MiniLM_L3_v2_n3000_tok160.npy,384,3000,1000,farthest_row_zscore,256,10,100,0.9596000000000001,0.717,1.0,0.2291249999543652,0.026231300085783005,0.6959021999500692
sentence-transformers/paraphrase-MiniLM-L3-v2,experiments\robustness_3k_general_rerun\outputs\embeddings\sentence_transformers__paraphrase_MiniLM_L3_v2_n3000_tok160.npy,384,3000,1000,farthest_row_zscore,256,10,250,0.9935,0.946,1.0,0.2291249999543652,0.026231300085783005,0.6959021999500692
sentence-transformers/paraphrase-MiniLM-L3-v2,experiments\robustness_3k_general_rerun\outputs\embeddings\sentence_transformers__paraphrase_MiniLM_L3_v2_n3000_tok160.npy,384,3000,1000,farthest_row_zscore,256,10,500,0.9993,0.994,1.0,0.2291249999543652,0.026231300085783005,0.6959021999500692
sentence-transformers/paraphrase-MiniLM-L3-v2,experiments\robustness_3k_general_rerun\outputs\embeddings\sentence_transformers__paraphrase_MiniLM_L3_v2_n3000_tok160.npy,384,3000,1000,farthest_row_zscore,256,10,1000,1.0,1.0,1.0,0.2291249999543652,0.026231300085783005,0.6959021999500692
